{
  "title": "main",
  "description": "",
  "variables": {
    "accountsListSDP": {
      "type": "vb/ServiceDataProvider",
      "defaultValue": {
        "endpoint": "accounts/getall_accounts",
        "keyAttributes": "PartyNumber",
        "itemsPath": "items",
        "responseType": "getallAccountsResponse3"
      }
    },
    "getAccountADP": {
      "type": "vb/ArrayDataProvider2",
      "defaultValue": {
        "itemType": "get_accounts",
        "keyAttributes": "PartyId"
      }
    }
  },
  "metadata": {
    "accountsGetallAccountsMetadata": {
      "type": "vb/DynamicLayoutMetadataProviderDescriptor",
      "defaultValue": {
        "endpoint": "accounts/getall_accounts",
        "metadataPath": "items"
      }
    }
  },
  "types": {
    "@decorators.get_accounts": {
      "endpoint": "get_accounts",
      "service": "accounts",
      "path": "response"
    },
    "@decorators.getallAccountsResponse": {
      "endpoint": "getall_accounts",
      "service": "accounts",
      "path": "response"
    },
    "@decorators.getallAccountsResponse2": {
      "endpoint": "getall_accounts",
      "service": "accounts",
      "path": "response"
    },
    "@decorators.getallAccountsResponse3": {
      "endpoint": "getall_accounts",
      "service": "accounts",
      "path": "response"
    },
    "get_accounts": {
      "PartyId": "number"
    },
    "getallAccountsResponse": {
      "items": [
        {
          "OrganizationName": "string",
          "OwnerName": "string",
          "ParentAccountName": "string",
          "PartyNumber": "string"
        }
      ]
    },
    "getallAccountsResponse2": {
      "items": "object[]"
    },
    "getallAccountsResponse3": {
      "items": [
        {
          "CEOName": "string",
          "CEOTitle": "string",
          "PartyNumber": "string"
        }
      ]
    }

  },
  "eventListeners": {
    "toggleDrawer": {
      "chains": [
        {
          "chain": "application:toggleDrawerHandler"
        }
      ]
    },
    "vbEnter": {
      "chains": [
        {
          "parameters": {},
          "chain": "loadAccounts"
        }
      ]
    }
  },
  "imports": {
    "components": {
      "oj-button": {
        "path": "ojs/ojbutton"
      },
      "oj-table": {
        "path": "ojs/ojtable"
      }
    }
  }
}