{
  "layoutTypes": {
    "accounts": {
      "kind": "operationRef",
      "serviceId": "accounts",
      "operations": [
        "getall_accounts"
      ]
    }
  },
  "layouts": {
    "isDefault": {
      "description": "Default Rule",
      "type": "accounts",
      "expression": "[[ $responsive.mdUp === true ? 'default' : null ]]"
    },
    "accountsAdmin": {
      "type": "accounts",
      "layoutType": "table",
      "label": "Accounts_Admin",
      "rules": [
        "default_sm",
        "isDefault"
      ],
      "layouts": {
        "default": {
          "layoutType": "table",
          "layout": {
            "displayProperties": [
              "CEOName",
              "OrganizationName"
            ]
          },
          "usedIn": [
            "isDefault"
          ]
        },
        "default_sm": {
          "layoutType": "table",
          "layout": {
            "displayProperties": [
              "OrganizationName"
            ]
          },
          "usedIn": [
            "default_sm"
          ]
        }
      }
    },
    "default_sm": {
      "expression": "[[ $responsive.smOnly === true ? 'default_sm' : null ]]"
    }
  }
}