{
    "profiles": [
{
            "displayName": "Base configuration",
            "id": "base_configuration",
            "description": "Default development profile in VBCS"
        },
        {
            "displayName": "Base configuration Duplicate",
            "description": "Default development profile in VBCS",
            "id": "base_configuration_duplicate"
        }
    ],
    "defaults": {
        "dev": "base_configuration",
        "stage": "base_configuration",
        "publish": "base_configuration"
    }
}